model,mae,rmse,mape,r2
GradientBoosting,0.004852301800963753,0.005688267704191156,0.5287194409856747,0.8767378144223268
