mae,rmse,mape,r2,model,test_cell,n_train,n_test
0.005366319016514254,0.006275571452689508,0.5831571847935215,0.8564324679071205,GradientBoosting,A,50,10
0.005999067316480977,0.007203806930433952,0.6611422557569452,0.8757343187855443,GradientBoosting,B,50,10
0.006099591113899627,0.006846234181023545,0.6554699418157851,0.7459850870690349,GradientBoosting,C,50,10
0.003365392477532514,0.0035526758311768773,0.36179611372649406,0.9632131585139161,GradientBoosting,D,50,10
0.002858530239958712,0.0035194879430466126,0.31102610325266816,0.9562430198837133,GradientBoosting,E,50,10
0.00542491064139643,0.006731829886776443,0.5997250465686343,0.862818834374632,GradientBoosting,F,50,10
