model,mae,rmse,mape,r2
LinearRegression,0.0037488359077404647,0.004285754641609908,0.40378430946489346,0.9178275032415938
RandomForest,0.0049259213968482225,0.005598110281356888,0.5334291164594486,0.8749244158851525
GradientBoosting,0.005187115250315409,0.006017495413226932,0.5636281313475232,0.8581182853563432
Ridge,0.006749396601872296,0.007865264266931416,0.7295257266520668,0.7500240992978768
