mae,rmse,mape,r2,model,test_cell,n_train,n_test
0.0021806600423646795,0.0024475316680134074,0.23437093634240388,0.978162329089824,GradientBoosting,A,50,10
0.010132885007935022,0.011026199275187764,1.1118159466684712,0.7088755039551042,GradientBoosting,B,50,10
0.01165283460714105,0.012248342530462702,1.2483037629439437,0.1869629072824408,GradientBoosting,C,50,10
0.005315535410691086,0.006253317080626217,0.571521717660123,0.8860269319848261,GradientBoosting,D,50,10
0.00534704155571909,0.0063381047152721,0.5833980290949606,0.8580918957576285,GradientBoosting,E,50,10
0.008386651648072719,0.009395510701132077,0.9247367165934346,0.7327799714037191,GradientBoosting,F,50,10
