model,mae,rmse,mape,r2
GradientBoosting,0.007169268045320608,0.00795150099511571,0.7790245182172227,0.7251499232455904
