sample_id,temperature,material_type,cycles,throughput,target_value,y_true,y_pred,model
S11,35,LCO,160,190.2,0.85,0.85,0.8528088884547456,LinearRegression
S10,25,LCO,110,130.8,0.91,0.91,0.9210999370017849,LinearRegression
S01,25,LFP,100,120.5,0.92,0.92,0.9307720304631688,LinearRegression
S11,35,LCO,160,190.2,0.85,0.85,0.8419499999999988,RandomForestRegressor
S10,25,LCO,110,130.8,0.91,0.91,0.8824999999999997,RandomForestRegressor
S01,25,LFP,100,120.5,0.92,0.92,0.8945499999999987,RandomForestRegressor
