model,mae,rmse,mape,r2
GradientBoosting,0.007256576977414812,0.007256576977414812,0.7991414069251599,
