model,test_cell,cell_id,y_true,y_pred
GradientBoosting,A,A,0.9107649057709168,0.9027934292268585
GradientBoosting,B,B,0.895911821552588,0.9054312024678287
GradientBoosting,C,C,0.918094922463929,0.9004300032837738
GradientBoosting,D,D,0.9100236097742208,0.9129064208601507
GradientBoosting,E,E,0.8946828684180179,0.8927314613959481
GradientBoosting,F,F,0.8916416384715893,0.895191105588624
