model,mae,rmse,mape,r2
GradientBoosting,0.004583953848321385,0.005444267691978648,0.4975709901278161,0.8829847144572325
