mae,rmse,mape,r2,model,test_cell,n_train,n_test
0.0036959995554816326,0.005496067450325008,0.40407698161908073,0.8898831485041687,GradientBoosting,A,50,10
0.005123961393879328,0.005943704646251127,0.5624804560204031,0.9154056191413902,GradientBoosting,B,50,10
0.007131408509975101,0.007365654120359968,0.7632280001971854,0.7059789962916367,GradientBoosting,C,50,10
0.003244161203904983,0.003599587099924286,0.34654385984073505,0.9622352415307263,GradientBoosting,D,50,10
0.002584043295317828,0.003957049036567532,0.2801317984131748,0.9446864869095601,GradientBoosting,E,50,10
0.005724149131369438,0.006303543798443969,0.6289648446763173,0.8797187943659127,GradientBoosting,F,50,10
