model,mae,rmse,mape,r2
GradientBoosting,0.010521182586642164,0.011020149600081568,1.1593439867375739,0.0
