model,mae,rmse,mape,r2
LinearRegression,0.008164311769729518,0.00937212256228914,0.9011210150747703,0.0
RandomForest,0.010251970454630999,0.010551433786993455,1.1334972419968714,0.0
Ridge,0.012854594592344476,0.014268483713206612,1.4196212287236305,0.0
GradientBoosting,0.013846911323246525,0.01477096350419591,1.5285956665296139,0.0
