model,mae,rmse,r2,n_train,n_test
LinearRegression,0.008226951973233088,0.009076252826180211,0.9137900827578259,9,3
RandomForestRegressor,0.020333333333334275,0.02212656774106717,0.4876436046511279,9,3
