model,mae,rmse,mape,r2
GradientBoosting,0.00859675609206613,0.009100339174568178,0.9495574539592346,0.0
RandomForest,0.010049534419508552,0.010440938413379897,1.11215734804804,0.0
LinearRegression,0.010216097189291779,0.011369396003669997,1.127212277547914,0.0
Ridge,0.01182302064958983,0.012983944955356387,1.304822307952861,0.0
