model,mae,rmse,mape,r2
GradientBoosting,0.00859675609206613,0.009100339174568178,0.9495574539592346,0.0
