mae,rmse,mape,r2,model,test_cell,n_train,n_test
0.006013303916368867,0.00607523687869096,0.6602476531832226,0.0,GradientBoosting,A,20,4
0.01263910050594183,0.013074605343450353,1.410752732790003,0.0,GradientBoosting,B,20,4
0.01803190068026783,0.019901385107233147,1.9640562472423746,0.0,GradientBoosting,C,20,4
0.0023860382448554485,0.0024317197526946754,0.26219520232529253,0.0,GradientBoosting,D,20,4
0.007761187540391928,0.00831508749200849,0.8674791721579841,0.0,GradientBoosting,E,20,4
0.004749005664570871,0.0048040004733314445,0.532613716056531,0.0,GradientBoosting,F,20,4
