mae,rmse,mape,r2,model,test_cell,n_train,n_test
0.007971476544058387,0.007971476544058387,0.8752507363369398,,GradientBoosting,A,5,1
0.009519380915240738,0.009519380915240738,1.0625354734960344,,GradientBoosting,B,5,1
0.017664919180155225,0.017664919180155225,1.924084182139594,,GradientBoosting,C,5,1
0.002882811085929915,0.002882811085929915,0.316784208120177,,GradientBoosting,D,5,1
0.001951407022069862,0.001951407022069862,0.21811158913999867,,GradientBoosting,E,5,1
0.0035494671170347436,0.0035494671170347436,0.3980822523182156,,GradientBoosting,F,5,1
