model,mae,rmse,mape,r2
GradientBoosting,0.005491167984686465,0.006375894701679495,0.596836835378614,0.8372389550601335
