mae,rmse,mape,r2,model,test_cell,n_train,n_test
0.00517021413976052,0.006514253397546224,0.562243241376344,0.8453040393374879,GradientBoosting,A,50,10
0.004355400776250806,0.004916515993637032,0.47478383406278574,0.9421182053722468,GradientBoosting,B,50,10
0.007686173533525365,0.008321210415761567,0.8240520273826389,0.6247430698485221,GradientBoosting,C,50,10
0.0038884478061215976,0.004035101522933296,0.41606476566388084,0.952544093901295,GradientBoosting,D,50,10
0.004859342825757129,0.006611167307270557,0.5346425005240114,0.8456009322220955,GradientBoosting,E,50,10
0.006987428826703368,0.007857119572928293,0.7692346432620232,0.8131233896791537,GradientBoosting,F,50,10
