model,mae,rmse,mape,r2
GradientBoosting,0.010626178166002148,0.011320467331166229,1.175330685811755,0.0
