model,mae,rmse,mape,r2
GradientBoosting,0.007922584684476111,0.008050220623925245,0.8749474073465414,0.0
RandomForest,0.008044787676611714,0.008147316683961651,0.8894173971342957,0.0
Ridge,0.01465112508807923,0.01583707737300782,1.6180122957851273,0.0
LinearRegression,0.021052543168524854,0.023688747629519998,2.334145946337274,0.0
