mae,rmse,mape,r2,model,test_cell,n_train,n_test
0.012194163583323786,0.012561016655960178,1.338892562291038,0.0,GradientBoosting,A,20,4
0.014362385918518739,0.014372817154283719,1.6031026238306756,0.0,GradientBoosting,B,20,4
0.00821190109215611,0.00821750049529886,0.8944501152579619,0.0,GradientBoosting,C,20,4
0.007747090990735145,0.0077681280899254065,0.8513065933154436,0.0,GradientBoosting,D,20,4
0.0028070888963354357,0.002889746862419382,0.3137523915372318,0.0,GradientBoosting,E,20,4
0.0022128776257874516,0.0024921144856639224,0.2481801578468973,0.0,GradientBoosting,F,20,4
