model,mae,rmse,mape,r2
GradientBoosting,0.007922584684476111,0.008050220623925245,0.8749474073465414,0.0
