model,mae,rmse,mape,r2
GradientBoosting,0.005978408065232932,0.006948601638500041,0.6478843742244623,0.8852367207136288
