mae,rmse,mape,r2,model,test_cell,n_train,n_test
0.0018182433053082574,0.002296105777956656,0.1948637346618549,0.9894809713102263,GradientBoosting,A,60,12
0.0076854697958933975,0.008996345466369987,0.8413733721667314,0.8887660782761487,GradientBoosting,B,60,12
0.009867002673647698,0.010828138206480676,1.0555701783826927,0.6674080901349961,GradientBoosting,C,60,12
0.004795058514888299,0.005703575027871868,0.5149544552369482,0.9385383523390471,GradientBoosting,D,60,12
0.0042579219159764314,0.004799767584508516,0.461031865349211,0.9561615634936755,GradientBoosting,E,60,12
0.007446752185683507,0.009067677767812544,0.8195126395493361,0.8710652687276788,GradientBoosting,F,60,12
