model,mae,rmse,mape,r2
GradientBoosting,0.0024431465214689017,0.0029443391319371845,0.26364078910479377,0.9834106892731643
