mae,rmse,mape,r2,model,test_cell,n_train,n_test
0.0028284641088819527,0.0033696016183539616,0.30505982894477673,0.9773457873457725,GradientBoosting,A,60,12
0.0031963826939968485,0.003968982739148864,0.3487019097844903,0.9783497248069912,GradientBoosting,B,60,12
0.0021741076247588087,0.0026247323791852187,0.23121293940986942,0.980457768304935,GradientBoosting,C,60,12
0.0015967435867110524,0.001966719985263469,0.17026961055125908,0.992692060507505,GradientBoosting,D,60,12
0.0022525147536175314,0.002757947106216494,0.24132708443416942,0.9855260687515847,GradientBoosting,E,60,12
0.0026106663608472156,0.0029780509634550994,0.28527336150419785,0.9860927259221972,GradientBoosting,F,60,12
