model,test_cell,cell_id,y_true,y_pred
GradientBoosting,A,A,0.9107649057709168,0.8959119851482436
GradientBoosting,B,B,0.895911821552588,0.9107647537516166
GradientBoosting,C,C,0.918094922463929,0.9100233596019409
GradientBoosting,D,D,0.9100236097742208,0.9180945007833643
GradientBoosting,E,E,0.8946828684180179,0.8916420009215628
GradientBoosting,F,F,0.8916416384715893,0.8946831662445339
