mae,rmse,mape,r2,model,test_cell,n_train,n_test
0.014852920622673293,0.014852920622673293,1.630818285658585,,GradientBoosting,A,5,1
0.014852932199028612,0.014852932199028612,1.6578564811533498,,GradientBoosting,B,5,1
0.008071562861988069,0.008071562861988069,0.8791643069243956,,GradientBoosting,C,5,1
0.008070891009143488,0.008070891009143488,0.8868880897657037,,GradientBoosting,D,5,1
0.0030408674964551574,0.0030408674964551574,0.3398821642614027,,GradientBoosting,E,5,1
0.003041527772944641,0.003041527772944641,0.3411154932331656,,GradientBoosting,F,5,1
