model,mae,rmse,mape,r2
GradientBoosting,0.008655116993705544,0.008655116993705544,0.9559541368327671,
