model,mae,rmse,mape,r2
GradientBoosting,0.00429651874439098,0.0051471447030277916,0.4637248143814834,0.9417420600660168
