model,mae,rmse,mape,r2
Ridge,0.003823116101109841,0.004431197248350299,0.4123742784928426,0.9508114471830722
GradientBoosting,0.00429651874439098,0.0051471447030277916,0.4637248143814834,0.9417420600660168
RandomForest,0.004569064166432022,0.005359828293743655,0.49272344199376633,0.9379074013990879
LinearRegression,0.0054371844641662075,0.006463904270116442,0.5910920803895638,0.8961752936859361
