model,mae,rmse,mape,r2
GradientBoosting,0.002435508000023498,0.002863684000070128,0.2629667974658139,0.9843516335513124
