mae,rmse,mape,r2,model,test_cell,n_train,n_test
0.002782184917419004,0.0032197831462746607,0.300327894016302,0.9793154964295591,GradientBoosting,A,60,12
0.0037344277278722657,0.004355410628487292,0.4078636452110834,0.9739286683798368,GradientBoosting,B,60,12
0.0017021397635538043,0.002278399934734422,0.18215443701652823,0.985274704477522,GradientBoosting,C,60,12
0.0022985089025256513,0.002727689933140799,0.24365289901485135,0.9859427657275928,GradientBoosting,D,60,12
0.0019511412179169056,0.0022895269697741534,0.20942645024695936,0.9900251547357587,GradientBoosting,E,60,12
0.002144645470853357,0.002311293388009439,0.23437545928915934,0.9916230115576047,GradientBoosting,F,60,12
